trade_date,0
2018-07-10,2.177110335404874
2018-07-11,-0.0079318571385038
2018-07-12,0.2369530722702557
2018-07-13,2.1687393987946715
2018-07-16,-0.40800056200482626
2018-07-17,-0.17579512238270112
2018-07-18,0.6259224992753989
2018-07-19,-1.4685811114186964
2018-07-20,-0.2530091333467033
2018-07-23,-0.8845584347888695
2018-07-24,-0.8089555462335961
2018-07-25,0.3115940926969954
2018-07-26,-0.3007109622747334
2018-07-27,0.7150293360131854
2018-07-30,-0.3779627676217821
2018-07-31,-1.1055203029174019
2018-08-01,0.22953294670727875
2018-08-02,-0.6212606012053242
2018-08-03,-0.28716921970917714
2018-08-06,0.19516674574583345
2018-08-07,0.17846457932938117
2018-08-08,-0.3016728304032705
2018-08-09,0.9150293360131847
2018-08-10,0.06341132970469575
2018-08-13,-0.7424972887991541
2018-08-14,-0.3079936781050626
2018-08-15,-0.8849706639868125
2018-08-16,-0.08895554623359735
2018-08-17,0.09654084307231213
2018-08-20,0.07777753066614147
2018-08-21,0.9176401209334901
2018-08-22,0.263411329704695
2018-08-23,-0.26112319147267715
2018-08-24,-0.42469584452151987
2018-08-27,0.2542048776173021
2018-08-28,-0.22112319147267798
2018-08-29,-0.004421025056222862
2018-08-30,-0.022909517997098235
2018-08-31,-0.3630469277297458
2018-09-03,-0.32538289318475677
2018-09-04,0.21489192628053772
2018-09-05,-0.20139801093797374
2018-09-06,-0.12428361532357265
2018-09-07,0.016266023607015
2018-09-10,-0.48277210826445144
2018-09-11,0.05379264841935988
2018-09-12,-0.4824972887991561
2018-09-13,0.7137926484193565
2018-09-14,0.26203723237821847
2018-09-17,-0.2811231914726767
2018-09-18,-0.16483325425416595
2018-09-19,0.2559912041417181
2018-09-20,-0.10112319147267702
2018-09-21,0.25640343333966464
2018-09-24,-0.2811231914726803
2018-09-26,-0.16483325425416598
2018-09-27,-0.42400879585827805
2018-09-28,-0.48579512238269984
2018-10-02,-0.5262073515806419
2018-10-03,-0.14648217104593647
2018-10-04,-0.4038713861256326
2018-10-05,-0.24565771265005198
2018-10-08,-0.7245584347888694
2018-10-09,-0.02785626837241382
2018-10-10,0.15695307227025385
2018-10-11,-1.1218102401359167
2018-10-12,0.3693955369746334
2018-10-15,-0.6002987330767928
2018-10-16,-0.2070318099765276
2018-10-18,0.015716384676424364
2018-10-19,-0.08277210826445108
2018-10-22,0.6765408430723122
2018-10-23,-0.678237587087078
2018-10-24,-0.08758144890711901
2018-10-25,0.3965408430723111
2018-10-26,-0.4201613233441455
2018-10-29,-0.2857951223826988
2018-10-30,-0.38483325425416487
2018-10-31,0.49447969708259587
2018-11-01,0.1405257253190933
2018-11-02,1.118052350131436
2018-11-05,-0.4152145729688299
2018-11-06,0.13420487761730115
2018-11-07,0.038052350131435854
2018-11-08,0.397365301468197
2018-11-09,-0.5401613233441465
2018-11-12,-0.08661958077858366
2018-11-13,0.13654084307231132
2018-11-14,-0.1619476498685652
2018-11-15,-0.12400879585827912
2018-11-16,-0.14373397639298516
2018-11-19,0.6361286138743684
2018-11-20,1.1214875934476274
2018-11-21,0.08478542703117012
2018-11-22,-0.5423598790665072
2018-11-23,0.0933804192214143
2018-11-26,-0.16222246933385875
2018-11-27,-0.5040087958582798
2018-11-28,0.6536552386867102
2018-11-29,-0.3183749968197263
2018-11-30,0.05489192628053935
2018-12-03,0.5575027112008448
2018-12-04,-0.23906204548296273
2018-12-05,-0.36455843478886996
2018-12-06,-0.32538289318475677
2018-12-07,-0.38510807371946015
2018-12-10,-0.3855203029174049
2018-12-11,0.07447969708259773
2018-12-12,0.11764012093349119
2018-12-13,0.21791494039878792
2018-12-14,-0.24139801093797464
2018-12-17,-0.04455843478886968
2018-12-18,-0.28318433746239335
2018-12-19,-0.024833254254165403
2018-12-20,-0.20304692772974559
2018-12-21,0.5757163846764249
2018-12-24,-0.5389246357503158
2018-12-27,-0.26661958077858516
2018-12-28,-0.004695844521518179
2018-12-31,-0.04290951799709781
2019-01-02,-0.7431843374623941
2019-01-03,-0.467993678105061
2019-01-04,0.17393005815200677
2019-01-07,0.018327169596729823
2019-01-08,-0.9227721082644509
2019-01-09,-0.7892303656988902
2019-01-10,-0.39826849757035604
2019-01-11,0.3444109922162717
2019-01-14,-0.34050484767576455
2019-01-15,-0.0852454834521071
2019-01-16,-0.2834591569276904
2019-01-17,0.015166745745835507
2019-01-18,0.39722789173554934
2019-01-21,0.11983867665585544
2019-01-22,-0.32208505960121303
2019-01-23,-0.05510807371946008
2019-01-24,0.006746957671281996
2019-01-25,0.07715918686922524
2019-01-28,-0.10235987906650769
2019-01-29,-0.13359656666033592
2019-01-30,-0.09380268125930827
2019-01-31,-0.023527861794012683
2019-02-01,0.5769530722702538
2019-02-04,-0.0989246357503163
2019-02-08,-0.12359656666033615
2019-02-11,0.4162660236070153
2019-02-12,-0.12002391361149711
2019-02-13,0.756266023607017
2019-02-14,0.12231205184351147
2019-02-15,-0.4020850596012113
2019-02-18,0.05434228734994873
2019-02-19,-0.44249728879915523
2019-02-20,0.014067467884652499
2019-02-21,0.5172278917355504
2019-02-22,0.52066313505174
2019-02-25,0.3006631350517411
2019-02-26,-0.06084837200738433
2019-02-27,-0.08332174719503993
2019-02-28,-0.20345915692768854
2019-03-01,-0.10428361532357486
2019-03-04,0.05640343333966356
2019-03-05,0.5175027112008439
2019-03-06,-0.15933686494825974
2019-03-07,-0.34400879585827976
2019-03-08,-0.32524548345210735
2019-03-11,0.13489192628053945
2019-03-12,0.27805235013143426
2019-03-13,-0.2609857817400295
2019-03-14,-0.344695844521518
2019-03-15,-0.08524548345210888
2019-03-18,0.29654084307231143
2019-03-19,0.2791516279926155
2019-03-20,-0.5809857817400298
2019-03-21,-0.38689440024388144
2019-03-22,-0.02552030291740369
2019-03-25,-0.40304692772974493
2019-03-26,0.17434228734994797
2019-03-27,0.17832716959673173
2019-03-28,-0.1416728304032703
2019-03-29,0.17612861387436926
2019-04-01,-0.04167283040327068
2019-04-02,-0.14318433746239276
2019-04-03,0.6561286138743679
2019-04-04,-0.09837499681972568
2019-04-08,-0.10359656666033658
2019-04-09,-0.06359656666033565
2019-04-10,0.09667825280495802
2019-04-11,-0.3222224693338607
2019-04-12,0.05489192628053935
2019-04-15,-0.0024972887991539143
2019-04-16,0.09709048200290099
2019-04-17,0.037777530666140535
2019-04-18,-0.1426346985318039
2019-04-23,0.47612861387436817
2019-04-24,0.14038831558644566
2019-04-25,-0.4019476498685637
2019-04-26,0.014342287349947816
2019-04-29,-0.06277210826444973
2019-04-30,0.016678252804957956
2019-05-02,-0.42277210826445094
2019-05-03,0.1542048776173025
2019-05-06,-0.8218102401359176
2019-05-07,-0.18854331703565225
2019-05-08,-0.28414620559092696
2019-05-09,-0.1448332542541646
2019-05-10,0.1561286138743679
2019-05-14,-0.5418102401359183
2019-05-15,0.33338041922141626
2019-05-16,-0.20057355254208778
2019-05-17,-0.16428361532357533
2019-05-20,-0.29400879585827905
2019-05-21,-0.04490195912049058
2019-05-22,0.2068156625376069
2019-05-23,-0.3214667158042968
2019-05-24,-0.05510807371946185
2019-05-27,-0.1332530423287168
2019-05-28,0.26619731874069114
2019-05-29,-0.051054486606354255
2019-05-30,-0.20325304232871708
2019-05-31,-0.1842836153235749
2019-06-03,-0.5141462055909273
2019-06-04,-0.09641346617961373
2019-06-05,0.1764721382059884
2019-06-06,-0.03167283040326912
2019-06-10,0.29688436740392876
2019-06-11,0.19915162799261724
2019-06-12,-0.23153542067062252
2019-06-13,0.09551027007745472
2019-06-14,-0.13222246933385937
2019-06-17,0.006197318740691374
2019-06-18,-0.01284081313077462
2019-06-19,0.1870217771365788
2019-06-20,0.1083958744630535
2019-06-21,-0.15215376446753512
2019-06-24,0.12605990900804295
2019-06-25,-0.2020163547348882
2019-06-26,0.005716384676426354
2019-06-27,0.1771591868692249
2019-06-28,-0.02167283040326934
2019-07-02,-0.03304692772974568
2019-07-03,-0.2531156325960702
2019-07-04,-0.0046271396551943525
2019-07-05,0.1470904820029017
2019-07-08,-0.3618789450022407
2019-07-09,-0.13538289318475544
2019-07-10,0.06619731874069187
2019-07-11,-0.12242858393283108
2019-07-12,-0.07373397639298487
2019-07-15,-0.1033904520613651
2019-07-16,-0.08359656666033523
2019-07-17,-0.2134591569276901
2019-07-18,-0.13435232018989804
2019-07-19,0.08619731874069145
2019-07-22,-0.18229117420018393
2019-07-23,0.09585379440907386
2019-07-24,0.007777530666139413
2019-07-25,0.09715918686922659
2019-07-26,-0.12222246933386137
2019-07-29,-0.07373397639298311
2019-07-30,-0.07339045206136573
2019-07-31,0.0066095479386361075
2019-08-01,-0.05284081313077554
2019-08-02,-0.24325304232871622
2019-08-05,0.09544156521112913
2019-08-06,-0.28222246933385975
2019-08-07,-0.0348332542541652
2019-08-08,0.2368843674039301
2019-08-09,0.008739398794672993
2019-08-12,-0.01284081313077462
2019-08-13,-0.15297822286342105
2019-08-14,0.1560599090080441
2019-08-15,-0.21181024013591648
2019-08-16,0.08564767981010082
2019-08-19,0.19770882579981686
2019-08-20,0.26846457932937745
2019-08-21,-0.49105448660635376
2019-08-22,-0.11627605644696742
2019-08-23,0.06633472847334128
2019-08-26,-0.282428583932833
2019-08-27,0.06516674574583443
2019-08-28,0.007571416067169699
2019-08-29,-0.31284081313077533
2019-08-30,-0.025039368853136894
2019-09-02,-0.20304692772974559
2019-09-03,0.32571638467642483
2019-09-04,-0.07064225740841086
2019-09-05,0.2666095479386341
2019-09-06,0.11894551339364567
2019-09-09,0.027914940398788415
2019-09-10,0.06729659660187311
2019-09-11,0.027571416067167495
2019-09-12,0.10729659660187402
2019-09-13,0.057846235532463944
2019-09-16,-0.16249728879915581
2019-09-17,-0.29400879585827905
2019-09-18,0.05509804087951084
2019-09-19,-0.032497288799155054
2019-09-20,0.08688436740392971
2019-09-23,0.047708825799816494
2019-09-24,-0.02256599366547909
2019-09-25,-0.43304692772974607
2019-09-26,-0.0458638272490224
2019-09-27,-0.21318433746239482
2019-09-30,0.0756476798101028
2019-10-02,-0.07235987906650831
2019-10-03,0.12660954793863533
2019-10-04,0.027983645265110466
2019-10-08,-0.18270340339812688
2019-10-09,-0.14414620559092634
2019-10-10,0.10612861387436896
2019-10-11,0.057846235532463944
2019-10-14,0.02750271120084367
2019-10-15,-0.13270340339812617
2019-10-16,-0.2038026812593077
2019-10-17,-0.024283615323574783
2019-10-18,-0.11304692772974574
2019-10-21,0.40633472847333935
2019-10-22,-0.15009261847782207
2019-10-23,0.11605990900804491
2019-10-24,0.02791494039878664
2019-10-25,-0.002703403398125405
2019-10-28,0.10709048200290078
2019-10-29,-0.3521537644675362
2019-10-30,-0.09531418831843248
2019-10-31,0.08647213820598852
2019-11-01,0.03770882579981672
2019-11-04,0.047365301468195585
2019-11-05,-0.022565993665479102
2019-11-06,-0.11304692772974574
2019-11-07,-0.03366527152666012
2019-11-08,-0.11311563259606958
2019-11-11,-0.3236652715266611
2019-11-12,0.12489192628053965
2019-11-13,-0.16201635473488726
2019-11-14,-0.09400879585827976
2019-11-15,0.006472138205986679
2019-11-18,-0.06284081313077355
2019-11-19,0.06667825280495866
2019-11-20,-0.032428583932831226
2019-11-21,-0.17311563259607005
2019-11-22,-0.034077500724603096
2019-11-25,0.18688436740392939
2019-11-26,-0.0016041255369459372
2019-11-27,0.08709048200290297
2019-11-28,0.1377088257998164
2019-11-29,0.03805235013143408
2019-12-02,-0.0426346985318025
2019-12-03,0.05681566253760653
2019-12-04,-0.032497288799155054
2019-12-05,0.046884367403930566
2019-12-06,0.2474340063345205
2019-12-09,-0.04119189633900212
2019-12-10,-0.13318433746239297
2019-12-11,0.7561973187406914
2019-12-12,-0.07768794815648783
2019-12-13,0.4465408430723118
2019-12-16,0.10018220098747324
2019-12-17,0.13777753066614018
2019-12-18,-0.20194764986856434
2019-12-19,-0.16428361532357533
2019-12-20,-0.044008795858279055
2019-12-23,-0.12318433746239318
2019-12-24,0.2962660236070161
2019-12-27,0.21915162799261684
2019-12-30,-0.18139801093797414
2019-12-31,0.11585379440907166
2020-01-02,0.41791494039878896
2020-01-03,-0.34002391361149775
2020-01-06,0.05475451654789169
2020-01-07,-0.0024972887991556907
2020-01-08,0.057090482002901836
2020-01-09,0.3975027112008446
2020-01-10,-0.1001613233441452
2020-01-13,0.4564034333396639
2020-01-14,-0.2397490941462028
2020-01-15,0.55544156521113
2020-01-16,-0.05906204548296303
2020-01-17,0.9966782528049585
2020-01-20,0.04396096863528503
2020-01-21,-0.5626346985318038
2020-01-22,1.113243009488768
2020-01-23,-0.6352145729688304
2020-01-24,0.03269337055817728
2020-01-29,-0.7626346985318031
2020-01-30,-0.868131087837709
2020-01-31,-0.26881813650094766
2020-02-03,0.4753041554784822
2020-02-04,0.500388315586445
2020-02-05,0.08052572531909456
2020-02-06,0.15764012093349214
2020-02-07,-0.0018102401359174158
2020-02-10,0.09709048200290275
2020-02-11,-0.20222246933386143
2020-02-12,0.11571638467642577
2020-02-13,0.43791494039878853
2020-02-14,-0.29988650387885096
2020-02-17,0.15502933601318666
2020-02-18,-0.48181024013591606
2020-02-19,0.03379264841935854
2020-02-20,-0.002634698531803343
2020-02-21,-0.20290951799709794
2020-02-24,-0.42428361532357517
2020-02-25,0.2942048776173013
2020-02-26,-0.2008483720073831
2020-02-27,0.4157163846764247
2020-02-28,-0.3600239136114973
2020-03-02,0.35461710681524294
2020-03-03,-0.18043614280944056
2020-03-04,0.13585379440907303
2020-03-05,0.13805235013143552
2020-03-06,-0.14194764986856384
2020-03-09,-0.9438713861256317
2020-03-10,-0.04936777543153938
2020-03-11,-0.3431843374623921
2020-03-12,-0.6452454834521093
2020-03-13,-0.1473066294418224
2020-03-16,-0.8038713861256329
2020-03-17,-0.08840590730300318
2020-03-18,-0.45345915692768857
2020-03-19,-0.20600123698167194
2020-03-20,0.6057163846764261
2020-03-23,-0.6787185211513448
2020-03-24,0.47241855109288144
2020-03-25,0.3203883155864453
2020-03-26,-0.12071096227473539
2020-03-27,-0.06373397639298509
2020-03-30,-0.16332174719503997
2020-03-31,0.35599120414171953
2020-04-01,-0.26043614280944066
2020-04-02,0.15530415547848375
2020-04-03,-0.14181024013591798
2020-04-06,0.2161286138743684
2020-04-07,-0.0413980109379736
2020-04-08,-0.3231843374623943
2020-04-09,-0.06510807371945987
2020-04-14,0.016678252804957956
2020-04-15,0.2772278917355501
2020-04-16,-0.08098578174003156
2020-04-17,-0.04345915692768843
2020-04-20,-0.08318433746239404
2020-04-21,-0.32345915692768956
2020-04-22,0.05489192628053935
2020-04-23,0.01750271120084566
2020-04-24,-0.1827721082644507
2020-04-27,0.05585379440907294
2020-04-28,0.17750271120084404
2020-04-29,-0.10167283040326941
2020-05-04,-0.22359656666033578
2020-05-05,0.055578974943777636
2020-05-06,0.3975027112008446
2020-05-07,-0.16016132334414568
2020-05-08,0.8159912041417204
2020-05-11,0.2827242810414563
2020-05-12,0.11901421825996951
2020-05-13,0.15791494039878742
2020-05-14,0.11818975986408357
2020-05-15,-0.022085059601212296
2020-05-18,0.056953072270252404
2020-05-19,0.5975027112008457
2020-05-20,0.121212773982332
2020-05-21,-0.12208505960121371
2020-05-22,-0.863733976392984
2020-05-25,0.3711818634990529
2020-05-26,0.1397012669232074
2020-05-27,-0.36194764986856454
2020-05-28,-0.28538289318475585
2020-05-29,0.1751667457458339
2020-06-01,0.09832716959673166
2020-06-02,0.2977775306661403
2020-06-03,0.2791516279926155
2020-06-04,-0.12098578174003072
2020-06-05,0.33626602360701524
2020-06-08,-0.18057355254208823
2020-06-09,0.09585379440907386
2020-06-10,0.1377775306661402
2020-06-11,-0.34194764986856496
2020-06-12,-0.04524548345210795
2020-06-15,-0.3631843374623934
2020-06-16,0.41461710681524344
2020-06-17,-0.4200239136114978
2020-06-18,0.13420487761730115
2020-06-19,0.2180523501314356
2020-06-22,-0.3613980109379739
2020-06-23,0.13461710681524414
2020-06-24,1.1380523501314355
2020-06-26,-0.5750771632361823
2020-06-29,-0.3468944002438805
2020-06-30,-0.1852454834521085
2020-07-02,0.7358537944090727
2020-07-03,0.6421746421108652
2020-07-06,0.7014875934476275
2020-07-07,-0.21810017735443135
2020-07-08,1.2955789749437796
2020-07-09,0.7260221146249979
2020-07-10,0.0220372323782165
2020-07-13,0.13722789173554958
2020-07-14,-0.641947649868562
2020-07-15,-0.08730662944182546
2020-07-16,-1.303459156927688
2020-07-17,0.3881588493808041
2020-07-20,0.2998386766558551
2020-07-21,0.7591516279926178
2020-07-22,-0.9776879481564882
2020-07-23,0.2703574051031656
2020-07-24,-0.8609857817400309
2020-07-27,-0.4888181365009465
2020-07-28,0.19379264841935692
2020-07-29,0.018464579329379237
2020-07-30,-0.16277210826445113
2020-07-31,0.035991204141721016
2020-08-03,0.17736530146819637
2020-08-04,0.4583271695967311
2020-08-05,0.060250905853797915
2020-08-06,0.31750271120084456
2020-08-07,-0.5007109622747361
2020-08-10,-0.32634476131328854
2020-08-11,-0.1451080737194617
2020-08-12,0.016128613874369098
2020-08-13,0.11722789173554822
2020-08-14,0.11791494039878826
2020-08-17,0.8379149403987872
2020-08-18,1.0228616907741024
2020-08-19,0.5640983783679341
2020-08-20,0.34093795451703557
2020-08-21,-0.04057355254208767
2020-08-24,0.25681566253760757
2020-08-25,-0.341123191472679
2020-08-26,1.0147545165478908
2020-08-27,2.1740983783679333
2020-08-28,1.141999437995171
2020-08-31,0.9848541318974944
2020-09-01,2.083823558902638
2020-09-02,0.0913810941982558
2020-09-03,-1.8223598790665083
2020-09-04,0.5645861963319666
2020-09-07,-0.36892463575031764
2020-09-08,-1.7754515980510799
2020-09-09,-0.3350702793364129
2020-09-10,0.32489192628053715
2020-09-11,0.7793577425915889
2020-09-14,0.282449461576161
2020-09-15,-1.2209857817400303
2020-09-16,0.36870848831139336
2020-09-17,-1.470298733076792
2020-09-18,0.7169908666532991
2020-09-21,-1.467894062755458
2020-09-22,-0.18300913334670302
2020-09-23,0.3759224992753988
2020-09-24,-1.0302987330767943
2020-09-25,-0.14998611922845348
2020-09-28,0.4561286138743686
2020-09-29,-0.16974909414620074
2020-09-30,0.3759224992753953
2020-10-05,0.3297012669232086
2020-10-06,0.579357742591586
2020-10-07,0.28107536424968443
2020-10-08,-0.8709857817400288
2020-10-09,0.07111315863272664
2020-10-12,1.7276401209334924
2020-10-14,0.5389764238769247
2020-10-15,-0.819268160081936
2020-10-16,0.6714566829643472
2020-10-19,-0.9682375870870772
2020-10-20,-0.02957389003050951
2020-10-21,0.17695307227025342
2020-10-22,-0.0716728304032665
2020-10-23,-0.5233904520613649
2020-10-27,-0.7764821710459372
2020-10-28,0.27180020729596416
2020-10-29,0.37901421825997106
2020-10-30,0.17970126692320654
2020-11-02,0.07832716959673208
2020-11-03,0.07764012093349026
2020-11-04,1.7276401209334924
2020-11-05,0.2889764238769246
2020-11-06,0.8290142182599705
2020-11-09,0.43279298590777876
2020-11-10,-1.119955208745175
2020-11-11,-2.030604463025367
2020-11-12,0.7632120990054894
2020-11-13,0.9824494615761604
2020-11-16,0.9338235589026362
2020-11-17,-1.1165199654289801
2020-11-18,-0.13060446302536835
2020-11-19,1.1762660236070153
2020-11-20,0.33519765622911485
2020-11-23,2.0293577425915887
2020-11-24,-0.4589624301333641
2020-11-25,-1.026138646714318
2020-11-26,0.42008258563787415
2020-11-27,-0.5699552087451742
2020-11-30,0.4231743046224429
2020-12-01,-0.36995520874517507
2020-12-02,-1.8754515980510778
2020-12-03,0.9642426720003461
2020-12-04,0.03382355890263759
2020-12-07,-0.22270340339812958
2020-12-08,1.1755789749437804
2020-12-09,1.1351976562291122
2020-12-10,0.0848541318974957
2020-12-11,-0.07235987906650831
2020-12-14,1.6266095479386335
2020-12-15,0.33828937521368707
2020-12-16,-0.2706422574084119
2020-12-17,-0.02476454938784158
2020-12-18,-0.5230469277297458
2020-12-21,0.4735178289540627
2020-12-22,0.3303883155864433
2020-12-23,2.229357742591588
2020-12-24,0.5424116671931196
2020-12-28,-1.3192681600819396
2020-12-29,1.6180214396481551
2020-12-30,0.13828937521369136
2020-12-31,0.22798364526511158
2021-01-04,2.028670693928347
2021-01-05,0.04103756986663593
2021-01-06,-1.4227034033981254
2021-01-07,-1.9326656090150802
2021-01-08,-0.08610085233127385
2021-01-11,0.07660954793863284
2021-01-12,1.377640120933498
2021-01-13,-0.46342824644441283
2021-01-14,-0.37613864671431957
2021-01-15,-3.3754515980510775
2021-01-18,0.5539369420517698
2021-01-19,1.481075364249684
2021-01-20,0.537258802218829
2021-01-21,-1.0192681600819353
2021-01-22,-1.1799174143621272
2021-01-25,0.719052012643014
2021-01-26,-0.16789406275546093
2021-01-27,-0.8740775007246011
2021-01-28,-0.27888684136727127
2021-01-29,-0.12476454938784301
2021-02-01,0.5762660236070173
2021-02-02,-0.11892463575031764
2021-02-03,-0.7737339763929841
2021-02-04,-1.4281997927040315
2021-02-05,-0.3826656090150832
2021-02-08,-0.07545159805108058
2021-02-09,0.1266095479386371
2021-02-10,0.12798364526511014
2021-02-11,0.577983645265113
2021-02-16,1.481075364249684
2021-02-17,-0.06274119778117244
2021-02-18,-0.7233904520613643
2021-02-19,1.8221437316275841
2021-02-22,-1.6603365274598363
2021-02-23,-0.934383230673176
2021-02-24,-1.2792303656988904
2021-02-25,-0.03163503602022435
2021-02-26,-1.5730469277297465
2021-03-01,0.4663038179900608
2021-03-02,0.2303883155864455
2021-03-03,0.37867069392834835
2021-03-04,-1.0702987330767935
2021-03-05,-0.9802609386937471
2021-03-08,-2.1295738900305072
2021-03-09,-0.43747494965775185
2021-03-10,-0.17579512238269757
2021-03-11,0.02592249927539742
2021-03-12,0.8772965966018719
2021-03-15,1.5831365102394002
2021-03-16,1.937945850882066
2021-03-17,-0.05964947879660021
2021-03-18,-0.07339045206136574
2021-03-19,0.02660954793863568
2021-03-22,0.47729659660187324
2021-03-23,-1.119611684413556
2021-03-24,-0.6806044630253655
2021-03-25,-1.1275127440407962
2021-03-26,1.469395536974633
2021-03-29,-0.36274119778116964
2021-03-30,0.5245484019489209
2021-03-31,0.13073183991806323
2021-04-01,0.6779836452651109
2021-04-07,-0.16823758708707653
2021-04-08,-0.12407750072460472
2021-04-09,-0.5237339763929841
2021-04-12,-0.7764821710459372
2021-04-13,-0.07819979270403368
2021-04-14,0.47660954793863497
2021-04-15,0.13038831558644765
2021-04-16,0.4779836452651115
2021-04-19,0.5303883155864463
2021-04-20,0.18073183991806394
2021-04-21,-0.37167283040327076
2021-04-22,-0.025451598051079865
2021-04-23,0.5769530722702556
2021-04-26,-0.6689246357503184
2021-04-27,-0.12751274404079257
2021-04-28,-1.023733976392984
2021-04-29,-0.17991741436213077
2021-04-30,-0.5740775007246004
2021-05-03,-0.17682569537755852
2021-05-04,0.32592249927539807
2021-05-05,-0.12064225740841333
2021-05-06,0.7762660236070166
2021-05-07,-0.2675505384238397
2021-05-10,-0.0747645493878423
2021-05-11,-0.6233904520613629
2021-05-12,1.4728307802908245
2021-05-13,-0.7627411977811717
2021-05-14,0.471800207295967
2021-05-17,0.2803883155864426
2021-05-18,0.42901421825997177
2021-05-20,0.7300447912548265
2021-05-21,0.08210593724453906
2021-05-24,-0.8223598790665083
2021-05-25,1.0714566829643493
2021-05-26,0.38451060756587374
2021-05-27,0.8797012669232094
2021-05-28,-0.46686348976060066
2021-05-31,0.6238613532856805
2021-06-01,-0.06858111141869781
2021-06-02,0.07660954793863639
2021-06-03,0.6776401209334917
2021-06-04,-0.46823758708707724
2021-06-07,-1.2261386467143174
2021-06-08,-0.03129151168860521
2021-06-09,-0.47304692772974877
2021-06-10,0.22386135328568185
2021-06-11,-0.021329306071650195
2021-06-15,-0.023046927729745887
2021-06-16,-0.22304692772974516
2021-06-17,0.32557897494377896
2021-06-18,0.4793577425915881
2021-06-21,-0.8696116844135559
2021-06-22,-0.9288868413672698
2021-06-23,0.3707696343011082
2021-06-24,-0.020298733076792787
2021-06-25,0.3269530722702555
2021-06-28,-0.12064225740841333
2021-06-29,-0.2737339763929842
2021-06-30,-0.4747645493878409
2021-07-02,-0.8261386467143188
2021-07-05,-0.2785433170356521
2021-07-06,-0.07476454938784229
2021-07-07,-0.22339045206136432
2021-07-08,-0.32442102505622317
2021-07-09,1.27489192628054
2021-07-12,-0.06411529510764899
2021-07-13,0.3266095479386364
2021-07-14,0.1293577425915867
2021-07-15,-0.22201635473488776
2021-07-16,1.2755789749437783
2021-07-19,-0.16411529510764686
2021-07-20,-0.5240775007246032
2021-07-21,-0.7764821710459372
2021-07-22,0.27180020729596416
2021-07-23,-0.8209857817400282
2021-07-26,-0.528543317035652
2021-07-27,-1.5264821710459373
2021-07-28,0.71664734232168
2021-07-29,0.7821059372445384
2021-07-30,-0.5675505384238368
2021-08-02,0.37317430462244217
2021-08-03,0.1297012669232058
2021-08-04,0.9279836452651145
2021-08-05,-0.5665199654289829
2021-08-06,0.023174304622444297
2021-08-09,0.4272965966018725
2021-08-10,0.6300447912548249
2021-08-11,-0.6185811114186949
2021-08-12,-0.5771692197091762
2021-08-13,-0.8768256953775578
2021-08-16,-0.6288868413672691
2021-08-17,-0.377169219709177
2021-08-18,0.07454840194892155
2021-08-19,-0.622359879066509
2021-08-20,-0.5771692197091762
2021-08-23,0.8731743046224457
2021-08-24,0.8831365102393972
2021-08-25,0.08313651023940001
2021-08-26,-0.9223598790665097
2021-08-27,0.3707696343011117
2021-08-30,-0.020298733076792766
2021-08-31,0.1269530722702527
2021-09-01,0.17798364526511082
2021-09-02,0.07832716959673208
2021-09-03,0.07764012093349026
2021-09-06,-0.47235987906650695
2021-09-07,0.023861353285682584
2021-09-08,-0.5227034033981267
2021-09-09,-0.9264821710459358
2021-09-10,0.47076963430110963
2021-09-13,-0.7196116844135573
2021-09-14,-0.17785626837241242
2021-09-15,-0.074077500724604
2021-09-16,-0.5733904520613657
2021-09-17,0.323174304622445
2021-09-20,-0.22064225740841117
2021-09-21,0.27557897494377825
2021-09-23,-0.6209857817400324
2021-09-24,-0.42716921970917415
2021-09-27,-0.3757951223827004
2021-09-28,0.12454840194891872
2021-09-29,0.07798364526511294
2021-09-30,-0.6723598790665062
2021-10-04,-0.8275127440407953
2021-10-05,0.2714566829643486
2021-10-06,-0.3209857817400318
2021-10-07,0.77489192628054
2021-10-08,-0.2175505384238425
2021-10-11,0.47557897494377754
2021-10-12,-0.5696116844135516
2021-10-15,0.1231743046224422
2021-10-18,0.07798364526511294
2021-10-19,1.127640120933491
2021-10-20,0.284854131897495
2021-10-21,-0.3709857817400325
2021-10-22,0.12454840194892228
2021-10-25,-0.07201635473488917
2021-10-26,-0.17339045206136716
2021-10-27,-0.5240775007246032
2021-10-28,-0.07648217104593444
2021-10-29,-0.5233904520613649
2021-11-01,-0.1264821710459387
2021-11-02,-0.2737339763929842
2021-11-03,-0.5747645493878423
2021-11-04,0.2731743046224443
2021-11-05,-0.3709857817400325
2021-11-08,-0.07545159805107703
2021-11-09,-0.023390452061365006
2021-11-10,0.22695307227025413
2021-11-11,0.42867069392834906
2021-11-12,0.08004479125482422
2021-11-15,0.12764012093349453
2021-11-16,0.4779836452651115
2021-11-17,-0.06961168441355521
2021-11-18,-0.6233904520613665
2021-11-19,-0.027169219709175556
2021-11-22,-0.2730469277297459
2021-11-23,-0.22476454938784085
2021-11-24,-1.4644210250562202
2021-11-25,0.28705957151961964
2021-11-26,-0.540848372007383
2021-11-29,0.21338041922141707
2021-11-30,-0.04139801093797359
2021-12-01,0.256815662537604
2021-12-02,-0.061123191472677876
2021-12-03,0.11667825280495937
2021-12-06,-0.5620850596012114
2021-12-07,0.09324300948876486
2021-12-08,-0.04222246933385955
2021-12-09,0.15681566253760618
2021-12-10,-0.22181024013591627
2021-12-13,0.015578974943776712
2021-12-14,-0.8227721082644477
2021-12-15,-0.4685433170356534
2021-12-16,0.09393005815200668
2021-12-17,0.07777753066613792
2021-12-20,-0.6223598790665055
2021-12-21,0.7528307802908221
2021-12-22,0.08231205184351408
2021-12-23,0.11764012093349296
2021-12-24,-0.022085059601212296
2021-12-28,0.11695307227025468
2021-12-29,-0.2420850596012147
2021-12-30,0.055441565211131735
2021-12-31,0.23750271120084276
2022-01-03,-0.32126060120532357
2022-01-04,-0.06510807371946341
2022-01-05,-0.6633217471950382
2022-01-06,0.17255596082552846
2022-01-07,0.11832716959673123
2022-01-10,0.23791494039878572
2022-01-11,-0.38126060120532584
2022-01-12,0.6344796970825965
2022-01-13,-0.1585124065523738
2022-01-14,-0.06400879585827862
2022-01-17,-0.16332174719504175
2022-01-18,0.09599120414172152
2022-01-19,-0.3222224693338607
2022-01-20,0.5548919262805376
2022-01-21,0.0009379545170392352
2022-01-24,-0.7429095179971006
2022-01-25,-0.6079936781050598
2022-01-26,-0.2070318099765276
2022-01-27,-0.9842836153235756
2022-01-28,-0.24964259489683222
2022-01-31,0.11544156521112693
2022-02-04,0.1579149403987874
2022-02-07,-0.22181024013591627
2022-02-08,-0.4444210250562206
2022-02-09,0.7340674678846514
2022-02-10,0.08217464211086642
2022-02-11,-0.24235987906650644
2022-02-14,-0.28455843478887166
2022-02-15,-0.08483325425416414
2022-02-16,0.29654084307231143
2022-02-17,-0.08084837200738568
2022-02-18,-0.4234591569276875
2022-02-21,-0.06579512238269813
2022-02-22,-0.5033217471950433
2022-02-23,0.11365523868671093
2022-02-24,-0.8220850596012111
2022-02-25,-0.24854331703565272
2022-02-28,-0.10455843478887017
2022-03-01,-0.0035965666603369343
2022-03-02,0.11709048200290233
2022-03-03,-0.12208505960121194
2022-03-04,-0.7837339763929839
2022-03-07,-0.30826849757035796
2022-03-08,-0.7649706639868132
2022-03-09,0.33186891216229203
2022-03-10,0.25942644745791127
2022-03-11,0.05887680852732135
2022-03-14,-1.202497288799155
2022-03-15,-1.011154101955958
2022-03-16,1.8702199953705194
2022-03-17,0.5300069968717805
2022-03-18,-0.43933686494825913
2022-03-21,-0.16593253211534542
2022-03-22,0.7959912041417191
2022-03-23,0.5625868713088081
2022-03-24,-0.2990620454829633
2022-03-25,-0.10497066398681314
2022-03-28,0.03640343333966398
2022-03-29,-0.38263469853180415
2022-03-30,0.014479697082597233
2022-03-31,-0.2427721082644512
2022-04-01,-0.18455843478887024
2022-04-04,0.23585379440907267
2022-04-06,-0.4012606012053254
2022-04-07,-0.26565771265005156
2022-04-08,-0.24469584452151838
2022-04-11,-0.86455843478887
2022-04-12,-0.06881813650094656
2022-04-13,0.016678252804957956
2022-04-14,0.09722789173555041
2022-04-19,-0.46222246933386124
2022-04-20,-0.046069941847993894
2022-04-21,-0.5231843374623935
2022-04-22,0.07351782895406236
2022-04-25,-0.7223598790665069
2022-04-26,-0.08785626837241432
2022-04-27,0.316540843072311
2022-04-28,0.1392890377252644
2022-04-29,0.8180523501314353
2022-05-03,-0.5572757189585434
2022-05-04,-0.30675699051123195
2022-05-05,0.17502933601318624
2022-05-06,-0.5016728304032697
2022-05-10,-0.30634476131328897
2022-05-11,0.15502933601318666
2022-05-12,-0.6618102401359175
2022-05-13,0.6525559608255289
2022-05-16,0.06162500318027446
2022-05-17,0.5775027112008462
2022-05-18,-0.07892463575031672
2022-05-19,-0.6034591569276889
2022-05-20,0.6329681900234723
2022-05-23,-0.2585124065523735
2022-05-24,-0.36469584452151765
2022-05-25,0.034617106815244464
2022-05-26,0.05736530146819715
2022-05-27,0.27750271120084363
2022-05-30,0.39901421825996886
2022-05-31,0.09983867665585587
2022-06-01,-0.0022224693338603733
2022-06-02,-0.22290951799709752
2022-06-06,0.35557897494377655
2022-06-07,-0.2204361428094397
2022-06-08,0.41557897494377705
2022-06-09,-0.4200239136114978
2022-06-10,-0.025795122382698998
2022-06-13,-0.483046927729745
2022-06-14,-0.20620735158064343
2022-06-15,0.3157163846764268
2022-06-16,-0.44071096227473566
2022-06-17,0.3140674678846532
2022-06-20,-0.020710962274735747
2022-06-21,0.17695307227025342
2022-06-22,-0.4016728304032701
2022-06-23,0.1943422873499493
2022-06-24,0.3584645793293791
2022-06-27,1.4995638571905592
2022-06-28,0.46739621195147635
2022-06-29,-0.4397490941462021
2022-06-30,-0.18593253211534677
2022-07-04,0.17585379440907217
2022-07-05,-0.5016728304032697
2022-07-06,-0.20634476131328933
2022-07-07,0.21571638467642545
2022-07-08,0.018601989062026904
2022-07-11,-0.6027721082644506
2022-07-12,-0.22703180997652894
2022-07-13,0.09557897494377854
2022-07-14,-0.0422224693338613
2022-07-15,-0.3431843374623921
2022-07-18,0.674754516547891
2022-07-19,-0.25823758708707817
2022-07-20,-0.004695844521518179
2022-07-21,0.03709048200290226
2022-07-22,-0.06263469853180206
2022-07-25,-0.14332174719504218
2022-07-26,0.056128613874368245
2022-07-27,-0.24249728879915589
2022-07-28,0.2754415652111306
2022-07-29,-0.6809857817400311
2022-08-01,-0.2275814489071178
2022-08-02,-0.5444210250562237
2022-08-03,-0.04661958077858451
2022-08-04,0.496815662537606
2022-08-05,0.08052572531909456
2022-08-08,-0.4623598790665089
2022-08-09,-0.046069941847993894
2022-08-10,-0.2631843374623938
2022-08-11,0.5153041554784832
2022-08-12,0.06066313505174088
2022-08-15,-0.04249728879915662
2022-08-16,-0.46318433746239307
2022-08-17,-0.026069941847994303
2022-08-18,-0.06304692772974503
2022-08-19,-0.0033217471950416173
2022-08-22,-0.402909517997099
2022-08-23,-0.125657712650051
2022-08-24,-0.1837339763929843
2022-08-25,0.3758537944090732
2022-08-26,0.3397012669232066
2022-08-29,-0.4005735525420871
2022-08-30,-0.08565771265005183
2022-08-31,0.1965408430723118
2022-09-01,-0.20153542067062138
2022-09-02,-0.2442836153235754
2022-09-05,-0.3245584347888708
2022-09-06,0.05489192628053935
2022-09-07,-0.16249728879915404
2022-09-08,-0.2640087958582797
2022-09-09,0.21530415547848247
2022-09-13,-0.02139801093797402
2022-09-14,-0.38304692772974713
2022-09-15,-0.04552030291740327
2022-09-16,-0.20318433746239326
2022-09-19,-0.2442836153235754
2022-09-20,-0.004558434788870526
2022-09-21,-0.3129095179970974
2022-09-22,-0.09503936885313717
2022-09-23,-0.24352786179401154
2022-09-26,0.185441565211129
2022-09-27,-0.0016041255369459372
2022-09-28,-0.38290951799709766
2022-09-29,-0.475520302917403
2022-09-30,0.05386135328568194
2022-10-03,-0.19249728879915695
2022-10-05,0.5857850895427503
2022-10-06,-0.02885593088399218
2022-10-07,-0.33311563259607024
2022-10-10,-0.18517677858578468
2022-10-11,-0.20414620559092683
2022-10-12,-0.08428361532357528
2022-10-13,-0.183459156927689
2022-10-14,0.07585379440907251
2022-10-17,0.08764012093349359
2022-10-18,0.38770882579981636
2022-10-19,-0.22023002821047
2022-10-20,0.1455789749437775
2022-10-21,0.11812105499775975
2022-10-24,-0.8220850596012129
2022-10-25,0.3514566829643487
2022-10-26,0.28956385719056005
2022-10-27,0.02908292312629171
2022-10-28,-0.49270340339812563
2022-10-31,0.06372394355303407
2022-11-01,0.417571416067168
2022-11-02,0.08997608638850195
2022-11-03,-0.262291174200184
2022-11-04,0.5553041554784823
2022-11-07,0.4809379545170361
2022-11-08,-0.059611684413553655
2022-11-09,-0.10332174719504127
2022-11-10,-0.24359656666033713
2022-11-11,0.4154415652111312
2022-11-14,0.05997608638850261
2022-11-15,0.49750271120084427
2022-11-16,-0.3594742746809067
2022-11-17,-0.28538289318475585
2022-11-18,-0.024833254254165407
2022-11-21,-0.30304692772974706
2022-11-22,-0.1749706639868134
2022-11-23,-0.09407750072460182
2022-11-24,-0.3735278617940141
2022-11-25,0.014548401948921059
2022-11-28,-0.1727721082644509
2022-11-29,0.6059224992753975
2022-11-30,0.3312814788486549
2022-12-01,0.11935774259158864
2022-12-02,-0.36208505960121395
2022-12-05,1.3546171068152448
2022-12-06,-0.2335656561770583
2022-12-07,-0.6245584347888697
2022-12-08,0.33283078029082386
2022-12-09,0.4194264474579132
2022-12-12,-0.3200239136114982
2022-12-13,-0.005108073719461148
2022-12-14,0.01709048200290269
2022-12-15,-0.2827721082644504
2022-12-16,-0.024833254254165403
2022-12-19,-0.22304692772974694
2022-12-20,-0.2444210250562213
2022-12-21,-0.024558434788870088
2022-12-22,0.43695307227025315
2022-12-23,-0.23988650387884866
2022-12-28,0.39544156521112983
2022-12-29,-0.3801613233441464
2022-12-30,0.054479697082596375
2023-01-03,0.25750271120084584
2023-01-04,0.25887680852732065
2023-01-05,0.0988768085273205
2023-01-06,-0.40222246933385897
2023-01-09,0.8343422873499481
2023-01-10,-0.13713830922589593
2023-01-11,-0.26387138612563205
2023-01-12,0.015304155478481395
2023-01-13,0.15722789173555093
2023-01-16,-0.10181024013591705
2023-01-17,-0.18359656666033664
2023-01-18,0.1558537944090726
2023-01-19,-0.34181024013591726
2023-01-20,0.25475451654789094
2023-01-26,1.4588768085273218
2023-01-27,0.1071213924861816
2023-01-30,-0.7822224693338615
2023-01-31,0.19173150242964385
2023-02-01,0.5584645793293784
2023-02-02,0.16093795451703585
2023-02-03,-0.22181024013591627
2023-02-06,-0.6844210250562225
2023-02-07,-0.00758144890711894
2023-02-08,-0.40290951799709723
2023-02-09,1.0343422873499475
2023-02-10,-0.4557642118994197
2023-02-13,0.03393005815200619
2023-02-14,-0.1426346985318039
2023-02-15,-0.0038713861256322512
2023-02-16,0.07709048200290318
2023-02-17,-0.4623598790665089
2023-02-20,0.11393005815200626
2023-02-21,-0.3020850596012117
2023-02-22,-0.34497066398681336
2023-02-23,-0.12524548345210804
2023-02-24,-0.16373397639298473
2023-02-27,-0.16400879585828004
2023-02-28,-0.024008795858279478
2023-03-01,0.7169530722702544
2023-03-02,-0.09796276762178271
2023-03-03,0.07640343333966314
2023-03-06,-0.14235987906650682
2023-03-07,-0.003871386125632239
2023-03-08,-0.5429095179970977
2023-03-09,-0.2266195807785842
2023-03-10,-0.46442102505622374
2023-03-13,0.15393005815200542
2023-03-14,-0.5618102401359161
2023-03-15,-0.10675699051123265
2023-03-16,-0.04359656666033609
2023-03-17,0.41681566253760594
2023-03-20,-0.34002391361149775
2023-03-21,0.15475451654789135
2023-03-22,0.17818975986408409
2023-03-23,0.798327169596731
2023-03-24,0.20258687130880687
2023-03-27,-0.4615354206706212
2023-03-28,0.11393005815200627
2023-03-29,-0.06208505960121322
2023-03-30,0.01667825280495972
2023-03-31,-0.0627721082644515
2023-04-03,0.03667825280495929
2023-04-04,-0.20263469853180263
2023-04-06,0.07571638467642486
2023-04-11,0.17764012093349169
2023-04-12,-0.16167283040326813
2023-04-13,0.015991204141719683
2023-04-14,0.01722789173555034
2023-04-17,0.4172278917355489
2023-04-18,-0.2400239136114981
2023-04-19,-0.5645584347888692
2023-04-20,0.03324300948876792
2023-04-21,-0.44263469853180465
2023-04-24,-0.18593253211534502
2023-04-25,-0.4641462055909284
2023-04-26,0.07393005815200533
2023-04-27,-0.002359879066506262
2023-04-28,-0.02290951799709822
2023-05-02,-0.06304692772974681
2023-05-03,-0.2033217471950409
2023-05-04,0.07571638467642486
2023-05-05,0.19764012093349304
2023-05-08,0.33846457932937773
2023-05-09,-0.22057355254208738
2023-05-10,-0.04442102505622201
2023-05-11,-0.10318433746239361
2023-05-12,-0.22359656666033756
2023-05-15,0.07557897494377719
2023-05-16,0.0776401209334938
2023-05-17,-0.4023598790665084
2023-05-18,0.11434228734994922
2023-05-19,-0.1420850596012133
2023-05-22,0.07612861387436959
2023-05-23,-0.22235987906650864
2023-05-24,-0.3844210250562219
2023-05-25,0.07447969708259597
2023-05-29,-0.04235987906650719
2023-05-30,-0.003184337462393965
2023-05-31,-0.18290951799709837
2023-06-01,-0.1041462055909272
2023-06-02,0.4564034333396639
2023-06-05,0.16025090585379756
2023-06-06,-0.08181024013591749
2023-06-07,0.17654084307231221
2023-06-08,-0.20167283040326903
2023-06-09,-0.06428361532357571
2023-06-12,-0.2033217471950409
2023-06-13,0.25571638467642455
2023-06-14,-0.10112319147267879
2023-06-15,0.17640343333966457
2023-06-16,-0.0016728304032697515
2023-06-19,-0.18290951799709837
2023-06-20,-0.34414620559092746
2023-06-21,-0.3452454834521087
2023-06-23,-0.31524548345210757
2023-06-26,0.4049606311468628
2023-06-27,0.15990738152217843
2023-06-28,0.21818975986408323
2023-06-29,-0.0013980109379744465
2023-06-30,-0.16290951799709702
2023-07-03,0.23599120414172034
2023-07-04,0.11873939879467242
2023-07-05,-0.022085059601212306
2023-07-06,-0.003046927729744536
2023-07-07,-0.3629095179970981
2023-07-10,-0.16538289318475657
2023-07-11,0.19599120414172116
2023-07-12,0.1984645793293772
2023-07-13,0.4184645793293778
2023-07-14,-0.08002391361149619
2023-07-18,-0.30345915692769
2023-07-19,-0.06497066398681223
2023-07-20,-0.12332174719504084
2023-07-21,0.1962660236070147
2023-07-24,-0.2815354206706215
2023-07-25,0.4351667457458354
2023-07-26,-0.09988650387884988
2023-07-27,0.6164034333396623
2023-07-28,0.12135018371497965
2023-07-31,0.07791494039878735
2023-08-01,-0.14235987906650682
2023-08-02,-0.2238713861256311
2023-08-03,0.0755789749437772
2023-08-04,0.13764012093349254
2023-08-07,0.078052350131435
2023-08-08,-0.2823598790665074
2023-08-09,0.05516674574583466
2023-08-10,-0.08249728879915577
2023-08-11,-0.2434591569276895
2023-08-14,-0.10455843478887017
2023-08-15,0.05640343333966356
2023-08-16,-0.10249728879915534
2023-08-17,0.156403433339665
2023-08-18,-0.24181024013591762
2023-08-21,-0.44455843478887
2023-08-22,0.1340674678846535
2023-08-23,0.23805235013143516
2023-08-24,0.378739398794674
2023-08-25,-0.060298733076793704
2023-08-28,0.07667825280495844
2023-08-29,0.1576401209334939
2023-08-30,0.05818975986408309
2023-08-31,-0.1224972887991567
2023-09-04,0.03626602360701632
2023-09-05,-0.8426346985318032
2023-09-06,0.1313192732317004
2023-09-07,0.11805235013143592
2023-09-11,-0.22208505960121336
2023-09-12,0.15557897494377906
2023-09-13,0.01818975986408217
2023-09-14,0.2972278917355497
2023-09-15,-0.04084837200738298
2023-09-18,-0.3231843374623943
2023-09-19,-0.005108073719461148
2023-09-20,-0.16290951799709702
2023-09-21,-0.14400879585828044
2023-09-22,0.35612861387436895
2023-09-25,-0.24043614280944106
2023-09-26,-0.20455843478886981
2023-09-27,0.15571638467642496
2023-09-28,-0.1418102401359162
2023-09-29,0.5961286138743674
2023-10-03,-0.378787226017668
2023-10-04,-0.14552030291740467
2023-10-05,-0.20387138612563152
2023-10-06,0.1757163846764263
2023-10-09,0.03832716959672939
2023-10-10,0.3173653014681969
2023-10-11,-0.0007109622747343957
2023-10-12,0.3370904820029012
2023-10-13,-0.08057355254208859
2023-10-16,-0.08345915692768936
2023-10-17,0.47654084307231115
2023-10-18,0.12038831558644607
2023-10-19,0.37791494039878804
2023-10-20,-0.30029873307679217
2023-10-24,-0.36497066398681294
2023-10-25,0.21461710681524243
2023-10-26,0.13860198906202612
2023-10-27,0.13805235013143552
2023-10-30,0.7780523501314361
2023-10-31,-0.3175505384238404
2023-11-01,0.17489192628054034
2023-11-02,0.8383271695967301
2023-11-03,0.14286169077410343
2023-11-06,0.27805235013143426
2023-11-07,0.25901421825997006
2023-11-08,0.29887680852732157
2023-11-09,0.3591516279926156
2023-11-10,-0.5004361428094408
2023-11-13,0.1536552386867101
2023-11-14,-0.3818102401359164
2023-11-15,0.9144796970825977
2023-11-16,-1.1165886702953074
2023-11-17,0.20939553697463328
2023-11-20,0.21860198906202621
2023-11-21,-0.8213980109379729
2023-11-22,-0.28854331703565367
2023-11-23,0.29516674574583485
2023-11-24,-0.46084837200738293
2023-11-27,0.11393005815200627
2023-11-28,0.3579149403987867
2023-11-29,-0.06043614280943959
2023-11-30,0.1166782528049576
2023-12-01,-0.4820850596012114
2023-12-04,0.03379264841935854
2023-12-05,-0.4626346985318042
2023-12-06,0.07393005815200711
2023-12-07,-0.22235987906650864
2023-12-08,-0.08442102505622295
2023-12-11,-0.08345915692768759
2023-12-12,0.5765408430723108
2023-12-13,0.3610753642496828
2023-12-14,0.39956385719056126
2023-12-15,-0.00016132334414553813
2023-12-18,-0.10290951799709831
2023-12-19,0.21640343333966372
2023-12-20,-0.0413980109379736
2023-12-21,-0.18318433746239368
2023-12-22,-0.3041462055909283
2023-12-27,0.6150293360131875
2023-12-28,-0.058649816285020064
2023-12-29,-0.7033217471950426
2024-01-02,-0.1477188586397654
2024-01-03,-0.5238713861256318
2024-01-04,0.07351782895406236
2024-01-05,-0.16235987906650817
2024-01-08,-0.6040087958582795
2024-01-09,-0.04703180997652747
2024-01-10,-0.2631843374623938
2024-01-11,0.355304155478483
2024-01-12,-0.20043614280944014
2024-01-15,-0.12428361532357621
2024-01-16,-0.4037339763929832
2024-01-17,-0.7056577126500511
2024-01-18,0.15228114136023355
2024-01-19,-0.16181024013591755
2024-01-22,-0.22400879585827876
2024-01-23,0.21557897494377778
2024-01-24,0.4586019890620246
2024-01-25,0.020250905853798757
2024-01-26,-0.5627721082644515
2024-01-29,0.07324300948876883
2024-01-30,-0.42235987906650796
2024-01-31,-0.6057951223826991
2024-02-01,0.0329681900234726
2024-02-02,-0.2026346985318044
2024-02-05,-0.10428361532357487
2024-02-06,0.7564034333396646
2024-02-07,-0.21768794815648837
2024-02-08,-0.10442102505622253
2024-02-09,-0.2035965666603362
2024-02-14,0.09571638467642621
2024-02-15,0.1377775306661402
2024-02-16,0.6780523501314347
2024-02-19,-0.5182375870870779
2024-02-20,0.033517828954063224
2024-02-21,0.35736530146819606
2024-02-22,0.01956385719056048
2024-02-23,-0.20277210826445027
2024-02-26,-0.14428361532357575
2024-02-27,0.35612861387436895
2024-02-28,-0.4204361428094408
2024-02-29,0.11420487761730157
2024-03-01,0.07791494039878735
2024-03-04,-0.0023598790665080383
2024-03-05,-0.6029095179970982
2024-03-06,0.25296819002347143
2024-03-07,-0.26112319147267715
2024-03-08,0.2553041554784816
2024-03-11,0.29887680852732157
2024-03-12,1.4991516279926163
2024-03-13,-0.01260378804852408
2024-03-14,-0.183046927729746
2024-03-15,-0.24414620559092776
2024-03-18,0.37544156521113026
2024-03-19,-0.10029873307679285
2024-03-20,-0.383596566660336
2024-03-21,0.2344796970825961
2024-03-22,0.018739398794674556
2024-03-25,-0.0027721082644509955
2024-03-26,0.4570904820029022
2024-03-27,-0.559749094146203
2024-03-28,0.15324300948876715
2024-04-02,1.3181897598640846
2024-04-03,-0.7338404756423536
2024-04-05,-0.04799367810506284
2024-04-08,-0.0631843374623927
2024-04-09,0.4566782528049592
2024-04-10,0.00025090585379741953
2024-04-11,0.05709048200290006
2024-04-12,0.3975027112008464
2024-04-15,-0.00016132334414553813
2024-04-16,-0.6229095179970978
2024-04-17,0.33283078029082563
2024-04-18,0.07942644745790978
2024-04-19,-0.6023598790665059
2024-04-22,-0.007031809976528306
2024-04-23,0.3370904820029012
2024-04-24,0.45942644745791233
2024-04-25,-0.07974909414620088
2024-04-26,0.7365408430723092
2024-04-29,0.04217464211086727
2024-04-30,-0.12263469853180432
2024-05-02,0.2962660236070161
2024-05-03,0.5191516279926158
2024-05-06,-0.0993368649482575
2024-05-07,-0.18359656666033664
2024-05-08,1.135853794409073
2024-05-09,0.044922836763816844
2024-05-10,0.21736530146819552
2024-05-13,-0.06139801093797318
2024-05-14,0.5966782528049599
2024-05-16,-0.1787872260176687
2024-05-17,0.09585379440907386
2024-05-20,-0.08222246933386222
2024-05-21,-0.6034591569276871
2024-05-22,0.11296819002347269
2024-05-23,-0.5220850596012122
2024-05-24,-0.6664821710459378
2024-05-27,0.1125559608255297
2024-05-28,-0.32208505960121303
2024-05-29,-0.38510807371946015
2024-05-30,-0.10552030291740552
2024-05-31,-0.24359656666033538
2024-06-03,0.39544156521112805
2024-06-04,-0.14016132334414258
2024-06-05,-0.10387138612563365
2024-06-06,0.23640343333966504
2024-06-07,-0.3612606012053262
2024-06-11,-0.32538289318475677
2024-06-12,-0.20510807371946044
2024-06-13,0.39571638467642334
2024-06-14,-0.2801613233441432
2024-06-17,-0.004833254254165819
2024-06-18,0.037090482002900486
2024-06-19,1.0773653014681985
2024-06-20,0.024510607565874316
2024-06-21,-0.36277210826445044
2024-06-24,-0.18538289318475615
2024-06-25,-0.2641462055909256
2024-06-26,0.015304155478481407
2024-06-27,-1.3027721082644517
2024-06-28,-0.09184115061919457
2024-07-02,0.1565408430723109
2024-07-03,0.21818975986408146
2024-07-04,-0.08139801093797276
2024-07-05,-0.2434591569276877
2024-07-08,-0.1845584347888702
2024-07-09,-0.0841462055909294
2024-07-10,-0.3034591569276865
2024-07-11,0.5350293360131857
2024-07-12,0.1408005447843886
2024-07-15,-0.4019476498685637
2024-07-16,-0.1456577126500523
2024-07-17,0.41612861387436945
2024-07-18,0.03997608638850126
2024-07-19,-0.34263469853180323
2024-07-22,0.674754516547891
2024-07-23,-0.27823758708707597
2024-07-24,-0.4448332542541671
2024-07-25,-0.36593253211534654
2024-07-26,0.13461710681524414
2024-07-29,0.4380523501314362
2024-07-30,-0.5198865038788497
2024-07-31,0.49351782895406227
2024-08-01,-0.179474274680907
2024-08-02,-0.6241462055909285
2024-08-05,-0.2471692197091744
2024-08-06,-0.06455843478886923
2024-08-07,0.056678252804958876
2024-08-08,-0.08249728879915577
2024-08-09,0.5365408430723099
2024-08-12,0.04080054478439073
2024-08-13,0.4173653014681948
2024-08-14,-0.060023913611496636
2024-08-15,0.3366782528049582
2024-08-16,0.07942644745791333
2024-08-19,0.2776401209334931
2024-08-20,0.03901421825996767
2024-08-21,-0.18263469853180306
2024-08-22,1.5558537944090747
2024-08-23,-0.29219155885058223
2024-08-26,-0.1249706639868145
2024-08-27,0.13626602360701598
2024-08-28,0.058052350131437204
2024-08-29,-0.10249728879915711
2024-08-30,0.5964034333396645
2024-09-02,-0.45878722601766986
2024-09-03,0.09393005815200668
2024-09-04,-0.5422224693338595
2024-09-05,-0.14661958077858592
2024-09-09,0.05612861387437002
2024-09-10,0.017502711200843894
2024-09-11,0.2772278917355501
2024-09-12,-0.0609857817400302
2024-09-13,0.27667825280495595
2024-09-16,-0.0009857817400315016
2024-09-17,0.2570904820029029
2024-09-19,0.2588768085273224
2024-09-20,0.058876808527319587
2024-09-23,0.6475027112008465
2024-09-24,0.6315562983139492
2024-09-25,-0.6685811114186956
2024-09-26,0.9224872559592047
2024-09-27,0.433480034571017
2024-09-30,0.5300447912548271
2024-10-02,1.4807318399180647
2024-10-03,0.037258802218828976
2024-10-04,0.47729659660187324
2024-10-07,1.2803883155864462
2024-10-08,-2.1641152951076505
2024-10-09,-0.43781847398936746
2024-10-10,0.4242048776173003
2024-10-14,-0.16995520874517223
2024-10-15,-0.6240775007246047
2024-10-16,-0.3271692197091763
2024-10-17,0.3748919262805414
2024-10-18,1.4297012669232065
2024-10-21,-0.3130847221127916
2024-10-22,0.17489192628053857
2024-10-23,1.078327169596732
2024-10-24,-0.31548939243412555
2024-10-25,0.6748919262805386
2024-10-28,-0.46823758708707724
2024-10-29,0.3238613532856833
2024-10-30,0.1293577425915867
2024-10-31,0.6779836452651109
2024-11-01,0.5817624129129235
2024-11-04,-0.018924635750316214
2024-11-05,0.8769530722702528
2024-11-06,-0.6168634897605992
2024-11-07,0.22283078029082448
2024-11-08,0.42867069392834906
2024-11-11,0.9800447912548264
2024-11-12,-0.8661764410973645
2024-11-13,0.421113158632728
2024-11-14,-1.0699552087451707
2024-11-15,0.11973906130625081
2024-11-18,0.7779836452651123
2024-11-19,-0.5175505384238396
2024-11-20,-0.326482171045938
2024-11-21,0.12489192628053787
2024-11-22,0.37798364526511363
2024-11-25,-0.17029873307679488
2024-11-26,-1.2240775007246025
2024-11-27,1.0687084883113962
2024-11-28,-0.4654893924341241
2024-11-29,-0.12613864671431954
2024-12-02,0.7762660236070166
2024-12-03,0.5324494615761611
2024-12-04,-0.019268160081935357
2024-12-05,0.32695307227025194
2024-12-06,0.4293577425915873
2024-12-09,1.0300447912548272
2024-12-10,-0.015832916765743974
2024-12-11,-0.5230469277297458
2024-12-12,1.1235178289540648
2024-12-13,-0.26514586810250573
2024-12-16,-1.0247645493878415
2024-12-17,-0.4299174143621308
2024-12-18,0.8242048776173024
2024-12-19,-0.017207014092220523
2024-12-20,0.826953072270252
2024-12-23,0.08279298590778086
2024-12-24,0.9776401209334924
2024-12-27,1.3838235589026355
2024-12-30,0.2865717535555942
2024-12-31,0.02901421825996613
2025-01-02,-0.5227034033981267
2025-01-03,2.223517828954063
2025-01-06,0.042411667193112505
2025-01-07,-2.1727034033981254
2025-01-08,-1.3878184739893702
2025-01-09,0.9176779153165402
2025-01-10,-0.21651996542898508
2025-01-13,-0.7744210250562225
2025-01-14,0.9218002072959699
2025-01-15,-0.16651996542898082
2025-01-16,0.7259224992753968
2025-01-17,0.5821059372445426
2025-01-20,-0.2689246357503162
2025-01-21,1.1752354506121543
2025-01-22,-0.6148023437708879
2025-01-23,-0.8271692197091727
2025-01-24,2.3214566829643495
2025-01-27,0.24309871585635365
2025-01-28,1.1786706939283456
2025-02-03,-0.36480234377088094
2025-02-04,1.5745484019489144
2025-02-05,0.08794585088206792
2025-02-06,0.877640120933491
2025-02-07,1.8831365102394044
2025-02-10,1.2900069968717787
2025-02-11,-1.214115295107651
2025-02-12,1.518708488311399
2025-02-13,-2.4623976734495554
2025-02-14,3.0101203800209206
2025-02-17,0.4479080564990173
2025-02-18,3.2300447912548265
2025-02-19,1.0492821538255024
2025-02-20,-0.3158329167657482
2025-02-21,2.5248919262805436
2025-02-24,-0.10552718681717121
2025-02-25,1.5762660236070174
2025-02-26,3.0879458508820607
2025-02-27,-3.201748419169355
2025-02-28,-1.2950324849533708
2025-03-03,-0.9316350360202229
2025-03-04,-0.42923036569889605
2025-03-05,3.6242048776173066
2025-03-06,0.702030348478447
2025-03-07,-0.5682375870870751
